{
  "EW": 8.0067146045806,
  "ES95": 5.36633646320572,
  "RuinPct": 0.0,
  "mean_WT": 8.0067146045806,
  "es95_source": "computed_from_eval_WT_wealth",
  "seed": 999,
  "n_paths_eval": 300,
  "method": "rl",
  "data_profile": "dev",
  "la_sf_mean": 1.0,
  "la_sf_rate": 1.0,
  "cons_coverage_mean": 0.0,
  "mean_cstar_amt": 0.011207696034288596,
  "mean_consumption_amt": 0.0,
  "WT_p5": 5.5628161676532,
  "WT_p50": 7.769785736881774,
  "WT_p95": 10.982882850223598,
  "log10_WT_mean": 0.8934333414678122,
  "cstar_mode": "annuity",
  "cstar_m": 0.0033333333333333335,
  "rl_q_cap": 0.0,
  "bias_on": false,
  "loss_aversion": 0.0,
  "prob_gamma": 0.65,
  "myopia": 0.0,
  "w_floor": 0.0,
  "w_cap_shock": 0.0
}