{
  "EW": 3.556500957245436,
  "ES95": 1.2118012219735228,
  "RuinPct": 0.0,
  "mean_WT": 3.556500957245436,
  "es95_source": "computed_from_eval_WT_wealth",
  "seed": null,
  "n_paths_eval": 300,
  "method": "rl",
  "data_profile": "dev",
  "la_sf_mean": 1.0,
  "la_sf_rate": 1.0,
  "cons_coverage_mean": 0.0,
  "mean_cstar_amt": 2.0432293101669776,
  "mean_consumption_amt": 0.0,
  "WT_p5": 1.3060174309810828,
  "WT_p50": 3.1151424894634383,
  "WT_p95": 7.357870919486582,
  "log10_WT_mean": 0.48866140043082795,
  "cstar_mode": "vpw",
  "cstar_m": 0.03,
  "rl_q_cap": 0.0,
  "bias_on": false,
  "loss_aversion": 0.0,
  "prob_gamma": 1.0,
  "myopia": 0.0,
  "w_floor": 0.0,
  "w_cap_shock": 0.0
}