{
  "EW": 6.526064263739388,
  "ES95": 4.3680160381553215,
  "RuinPct": 0.0,
  "mean_WT": 6.526064263739388,
  "es95_source": "computed_from_eval_WT_wealth",
  "seed": 999,
  "n_paths_eval": 300,
  "method": "rl",
  "data_profile": "dev",
  "la_sf_mean": 1.0,
  "la_sf_rate": 1.0,
  "cons_coverage_mean": 0.0,
  "mean_cstar_amt": 0.009795929220761888,
  "mean_consumption_amt": 0.0,
  "WT_p5": 4.531051006113757,
  "WT_p50": 6.331894477671998,
  "WT_p95": 8.960331423932562,
  "log10_WT_mean": 0.8045837042636068,
  "cstar_mode": "annuity",
  "cstar_m": 0.0033333333333333335,
  "rl_q_cap": 0.0,
  "bias_on": false,
  "loss_aversion": 0.0,
  "prob_gamma": 0.65,
  "myopia": 0.0,
  "w_floor": 0.0,
  "w_cap_shock": 0.0
}